order_id,customer_id,region,category,age,income_usd,quantity,unit_price_usd,discount_pct,notes,junk_code
100236,1175,West,Sports,55.0,68404.0,1,28.82,10,ok,A0
100151,1535,West,Electronics,60.0,57044.0,3,46.39,0,ok,??
100329,1038,West,Clothing,15.0,81071.0,1,3.0,10,ok,??
100501,1280,North,Electronics,30.0,63320.0,7,50.84,15,ok,??
100793,1197,North,Sports,36.0,24502.0,7,27.77,0,manual,Z9
100230,1504,North,Electronics,25.0,80935.0,3,25.85,0,manual,??
100130,1347,North,Grocery,55.0,67161.0,7,29.65,0,ok,A0
100409,1047,North,Sports,51.0,50594.0,2,55.05,10,ok,Z9
100228,1183,West,Electronics,22.0,64083.0,7,30.26,0,ok,A0
100060,1069,East,Clothing,50.0,69405.0,5,38.78,15,ok,X1
100447,1553,South,Grocery,40.0,65330.0,3,61.9,10,ok,Z9
100896,1332,West,Sports,32.0,82075.0,7,21.79,0,,Z9
100244,1419,East,Home,45.0,73516.0,7,50.46,5,ok,??
100028,1588,East,Grocery,58.0,51002.0,5,44.09,10,ok,A0
100756,1150,West,Electronics,40.0,84268.0,4,77.02,5,ok,Z9
100554,1472,South,Home,14.0,78304.0,4,69.99,0,ok,Z9
100830,1147,North,Grocery,47.0,86293.0,4,75.04,0,ok,Z9
100134,1477,South,Electronics,37.0,56621.0,6,26.95,0,manual,A0
100792,1020,North,Home,39.0,53370.0,4,44.77,0,manual,A0
100462,1003,South,Home,38.0,67609.0,6,35.91,0,ok,??
100464,1375,North,Home,35.0,51904.0,6,44.33,0,,X1
100750,1245,West,Home,60.0,70595.0,2,53.44,10,ok,??
100556,1267,East,Grocery,21.0,15282.0,3,54.3,10,ok,A0
100694,1579,South,Home,31.0,76202.0,3,36.96,0,ok,Z9
100309,1360,East,Grocery,45.0,106006.0,2,49.29,5,ok,Z9
100583,1522,South,Grocery,-5.0,55912.0,7,10.53,15,ok,Z9
100133,1228,West,Clothing,33.0,84834.0,-2,48.54,0,ok,Z9
100879,1028,North,Grocery,13.0,71659.0,5,18.62,0,ok,??
100734,1145,East,electrnics,33.0,67971.0,4,38.12,10,ok,X1
100833,1290,West,Electronics,39.0,30625.0,5,40.65,0,ok,A0
100541,1036,West,Clothing,41.0,79092.0,1,63.56,15,ok,X1
100757,1422,West,Home,50.0,"26,219",2,56.25,10,ok,??
100421,1283,East,Sports,26.0,71128.0,7,62.14,5,ok,X1
100512,1012,South,Home,23.0,45620.0,6,69.79,0,manual,A0
100864,1420,North,Grocery,29.0,90868.0,5,21.54,20,,A0
100562,1091,East,Home,35.0,116360.0,6,31.46,0,ok,A0
100478,1282,North,Home,46.0,42190.0,6,38.23,0,review,??
100555,1453,South,Clothing,28.0,,7,79.52,0,ok,A0
100269,1419,South,Sports,42.0,68560.0,7,3.0,20,ok,X1
100568,1477,North,electrnics,24.0,76511.0,1,70.2,10,ok,X1
100295,1365,East,Sports,28.0,97921.0,5,55.21,0,ok,A0
100193,1431,South,Sports,46.0,72768.0,7,51.55,5,manual,X1
100594,1592,North,Electronics,43.0,58641.0,7,$25.58,10,ok,Z9
100748,1499,North,Sports,13.0,61212.0,3,33.99,0,ok,??
100772,1529,North,Home,,34151.0,3,32.7,5,ok,Z9
100443,1300,South,Grocery,47.0,42832.0,3,38.31,10,ok,A0
100199,1487,North,Clothing,34.0,58458.0,2,5.74,20,ok,A0
100356,1548,South,Home,47.0,69914.0,5,3.0,20,ok,X1
100011,1588,South,Electronics,46.0,107596.0,4,82.97,10,ok,A0
100316,1266,North,Electronics,34.0,99791.0,4,35.06,15,ok,A0
100586,1402,North,Sports,46.0,35682.0,7,42.12,15,ok,A0
100502,1036,North,Sports,39.0,65240.0,7,64.33,0,manual,??
100716,1269,West,Clothing,37.0,36491.0,2,59.21,5,ok,Z9
100361,1076,North,Clothing,46.0,64431.0,7,30.71,0,,X1
100863,1296,South,Grocery,,37350.0,4,36.28,15,ok,X1
100886,1110,South,Grocery,41.0,77007.0,2,31.9,0,ok,Z9
100601,1439,North,Sports,38.0,74027.0,7,47.0,5,review,X1
100293,1250,East,Grocery,22.0,43508.0,4,16.38,0,ok,X1
100207,1067,East,Sports,42.0,33807.0,6,46.71,10,review,A0
100012,1145,North,Home,31.0,75462.0,4,48.1,0,ok,A0
100138,1203,East,electrnics,35.0,112479.0,7,26.24,10,ok,X1
100121,1203,East,Grocery,49.0,43578.0,6,63.78,15,ok,X1
100059,1114,North,Home,29.0,63819.0,7,46.17,0,ok,??
100126,1137,East,Clothing,25.0,116925.0,2,4.78,10,ok,X1
100267,1005,West,Home,27.0,58073.0,6,50.79,10,ok,Z9
100610,1548,West,Clothing,45.0,57749.0,3,75.04,5,ok,A0
100577,1473,West,Clothing,56.0,72907.0,7,57.05,5,review,X1
100279,1018,South,Clothing,30.0,59377.0,2,31.81,0,manual,A0
100072,1564,North,Sports,18.0,77866.0,1,25.54,10,ok,Z9
100203,1168,West,Grocery,32.0,81965.0,4,65.85,0,ok,A0
100588,1381,North,Sports,19.0,98015.0,7,12.78,15,review,??
100370,1134,West,Home,10.0,78306.0,-2,38.06,0,ok,A0
100423,1453,West,Grocery,38.0,68314.0,1,62.61,0,ok,X1
100513,1206,East,Clothing,38.0,71242.0,5,51.56,0,ok,X1
100714,1014,South,Clothing,38.0,,7,51.43,20,ok,X1
100581,1259,West,Clothing,37.0,82725.0,4,71.69,0,review,Z9
100798,1091,South,Home,40.0,77688.0,3,68.4,0,review,A0
100500,1513,East,Electronics,45.0,67951.0,2,64.28,5,ok,Z9
100445,1192,East,Sports,17.0,102541.0,4,55.28,0,review,Z9
100358,1049,West,Grocery,31.0,86988.0,5,18.24,0,ok,??
100785,1438,East,Clothing,45.0,89996.0,2,43.02,10,ok,A0
100441,1195,West,Sports,64.0,87762.0,5,58.22,0,manual,??
100454,1174,East,Home,40.0,46636.0,7,50.81,0,review,X1
100023,1403,South,Home,43.0,66441.0,1,58.47,5,ok,A0
100247,1254,West,Electronics,59.0,35105.0,1,55.38,0,ok,Z9
100470,1113,West,Home,33.0,,1,21.04,0,ok,X1
100467,1448,West,Clothing,41.0,126335.0,2,85.02,10,review,A0
100275,1142,North,Electronics,43.0,66920.0,5,55.93,10,manual,A0
100472,1020,South,Electronics,57.0,78159.0,2,60.09,10,ok,Z9
100546,1494,North,Electronics,47.0,79439.0,5,44.33,10,ok,X1
100438,1004,East,Sports,29.0,72108.0,1,43.8,0,manual,??
100521,1328,South,Home,20.0,23100.0,1,75.59,0,ok,??
100300,1218,West,Home,27.0,39163.0,5,51.47,0,ok,??
100505,1310,North,Home,43.0,60322.0,3,51.1,0,ok,Z9
100819,1221,North,Home,24.0,75325.0,4,53.76,10,ok,A0
100148,1138,West,Electronics,30.0,93843.0,3,56.72,5,ok,Z9
100419,1140,South,Electronics,29.0,73409.0,7,30.45,15,review,X1
100388,1466,East,Home,29.0,69151.0,5,12.42,0,ok,X1
100426,1440,East,Clothing,39.0,74000.0,4,,5,ok,Z9
100456,1389,South,Grocery,47.0,86794.0,1,50.12,0,ok,??
100349,1335,North,Home,47.0,53706.0,5,63.84,0,ok,X1
100504,1120,West,Grocery,50.0,"60,856",3,45.52,0,ok,??
100386,1324,West,Home,29.0,83970.0,6,40.96,20,manual,A0
100839,1146,North,Grocery,21.0,78617.0,7,53.35,0,ok,X1
100780,1050,South,Grocery,64.0,82813.0,7,3.0,0,ok,??
100565,1060,West,Clothing,45.0,52300.0,7,18.79,0,ok,A0
100728,1466,South,Grocery,46.0,59844.0,2,22.4,0,ok,Z9
100379,1502,North,Sports,19.0,74134.0,2,52.07,0,ok,A0
100346,1414,South,Grocery,31.0,57976.0,5,11.51,0,manual,??
100432,1375,West,Clothing,42.0,77596.0,6,54.2,5,ok,Z9
100283,1292,East,Sports,40.0,84583.0,7,49.02,0,ok,Z9
100322,1090,East,Sports,26.0,65769.0,3,56.96,0,ok,X1
100178,1241,South,Electronics,47.0,93085.0,3,24.77,10,manual,??
100859,1259,South,Clothing,21.0,121613.0,3,64.35,5,ok,X1
100665,1409,South,,39.0,104906.0,2,36.47,10,ok,??
100035,1110,East,Home,55.0,40563.0,4,29.84,0,ok,X1
100296,1547,North,Clothing,43.0,64232.0,1,32.31,15,ok,A0
100622,1465,South,Grocery,50.0,74913.0,4,49.98,0,manual,A0
100884,1394,South,Grocery,29.0,59970.0,1,62.52,5,ok,X1
100662,1472,South,Grocery,,79325.0,7,33.65,15,ok,??
100611,1004,North,Sports,13.0,43813.0,6,42.8,5,review,X1
100683,1097,South,Grocery,43.0,76240.0,5,70.37,20,manual,X1
100762,1340,South,Clothing,59.0,51575.0,2,24.45,0,review,Z9
100764,1252,South,Home,29.0,67305.0,3,9.24,0,manual,??
100165,1193,West,Clothing,38.0,110924.0,5,53.86,15,review,X1
100475,1019,East,Home,45.0,19917.0,6,72.77,0,ok,X1
100396,1084,East,Home,51.0,63504.0,4,51.8,5,ok,Z9
100791,1341,South,Electronics,27.0,47555.0,4,35.49,0,ok,Z9
100675,1031,West,Clothing,33.0,51672.0,5,56.33,0,ok,A0
100746,1590,North,Grocery,40.0,72023.0,7,56.56,15,ok,Z9
100117,1007,South,Grocery,23.0,116755.0,4,59.5,5,ok,Z9
100868,1043,West,Electronics,22.0,63087.0,4,71.08,0,manual,X1
100261,1320,East,Home,31.0,61005.0,7,64.31,10,review,Z9
100384,1151,West,Clothing,48.0,42035.0,7,53.62,0,manual,A0
100824,1342,South,Sports,37.0,"85,660",5,28.29,0,ok,A0
100788,1078,North,electrnics,34.0,63269.0,3,33.87,5,ok,??
100782,1537,South,Grocery,35.0,53749.0,2,29.23,5,manual,??
100802,1132,East,electrnics,55.0,105758.0,2,35.49,0,manual,X1
100851,1392,North,Grocery,18.0,29066.0,6,41.45,15,ok,Z9
100560,1261,South,Sports,32.0,41421.0,1,41.8,0,manual,A0
100071,1230,West,home ,37.0,84471.0,2,67.04,15,ok,??
100602,1515,East,Electronics,43.0,47432.0,2,28.21,15,review,X1
100404,1583,North,Clothing,40.0,71365.0,5,65.92,0,ok,X1
100619,1057,East,Clothing,42.0,59565.0,2,56.61,0,ok,A0
100037,1572,South,Clothing,61.0,52450.0,7,53.85,20,,Z9
100334,1482,South,Home,30.0,52087.0,2,42.14,0,ok,X1
100084,1391,North,Home,31.0,84628.0,4,25.03,0,ok,A0
100761,1332,North,Grocery,31.0,63419.0,6,63.81,5,,X1
100208,1026,South,Electronics,58.0,81860.0,2,32.96,0,ok,Z9
100440,1155,East,Electronics,50.0,90526.0,1,29.72,0,ok,??
100741,1323,South,Electronics,40.0,84620.0,2,49.08,0,manual,??
100288,1319,East,Grocery,28.0,86328.0,5,$40.79,5,ok,X1
100628,1275,West,Grocery,28.0,106879.0,7,24.7,10,review,A0
100341,1528,East,Electronics,25.0,84615.0,3,30.35,5,ok,X1
100540,1314,West,Electronics,21.0,80035.0,6,44.19,0,manual,X1
100657,1139,North,Clothing,42.0,103893.0,7,47.11,0,ok,X1
100732,1324,West,Sports,33.0,51014.0,7,41.43,0,review,A0
100394,1413,North,Home,28.0,69317.0,1,41.18,0,ok,Z9
100176,1342,West,Sports,60.0,,6,$20.54,0,ok,A0
100343,1248,East,Grocery,57.0,85890.0,6,50.42,15,review,Z9
100338,1051,East,Grocery,28.0,58484.0,1,48.47,0,ok,??
100302,1449,North,Clothing,42.0,89537.0,6,49.5,0,ok,Z9
100281,1482,South,Grocery,43.0,73506.0,4,31.5,0,manual,??
100872,1559,West,Clothing,39.0,"91,907",4,81.8,10,ok,Z9
100406,1199,West,Sports,26.0,89686.0,2,41.39,0,,??
100865,1439,East,Clothing,38.0,34860.0,6,31.89,0,ok,??
100250,1594,East,Home,24.0,74991.0,6,50.3,10,review,A0
100724,1208,West,Electronics,41.0,22699.0,5,44.52,5,ok,X1
100139,1344,North,Sports,32.0,58826.0,4,33.25,15,,A0
100212,1015,East,Grocery,35.0,73383.0,7,22.49,5,review,??
100626,1073,West,Electronics,20.0,40348.0,3,49.39,5,manual,A0
100737,1493,South,Clothing,45.0,88992.0,2,11.98,0,ok,X1
100258,1287,South,Sports,34.0,92402.0,1,51.01,0,,A0
100563,1185,East,Clothing,14.0,64755.0,3,24.8,0,ok,Z9
100825,1254,North,Home,41.0,91376.0,7,11.44,20,ok,??
100827,1574,East,Grocery,30.0,74362.0,2,46.03,0,ok,??
100545,1334,West,Grocery,42.0,48328.0,1,24.44,10,ok,X1
100126,1137,East,Clothing,-5.0,116925.0,2,4.78,10,ok,X1
100007,1053,West,Clothing,42.0,35077.0,2,51.0,15,ok,A0
100889,1500,East,Home,37.0,107164.0,5,64.26,0,ok,Z9
100040,1553,East,Electronics,30.0,43443.0,2,49.66,15,ok,A0
100360,1073,South,Electronics,42.0,64186.0,4,54.18,5,ok,Z9
100363,1250,West,Clothing,42.0,58863.0,2,43.72,5,ok,??
100686,1546,West,Clothing,48.0,47656.0,6,48.53,5,ok,A0
100721,1066,North,Grocery,29.0,23123.0,6,25.53,0,ok,??
100831,1059,South,Home,44.0,49239.0,7,38.45,15,ok,Z9
100355,1205,North,Home,32.0,46770.0,5,56.68,0,review,X1
100477,1060,West,Electronics,,62245.0,5,45.72,0,ok,X1
100747,1227,West,Electronics,59.0,78335.0,1,25.28,10,ok,A0
100635,1519,West,Home,51.0,76686.0,3,46.1,10,ok,A0
100179,1017,West,Electronics,59.0,23502.0,7,42.96,0,ok,X1
100755,1546,North,Clothing,29.0,88880.0,5,27.25,0,ok,??
100042,1036,West,Grocery,45.0,63328.0,4,86.02,10,ok,Z9
100805,1579,East,Grocery,38.0,67803.0,3,38.01,5,ok,A0
100123,1529,South,Home,16.0,,2,-99,0,manual,Z9
100479,1038,East,Electronics,38.0,102142.0,3,18.37,10,ok,??
100131,1104,North,Electronics,27.0,88016.0,7,40.76,0,manual,A0
100385,1251,East,Home,43.0,53974.0,6,29.28,15,ok,A0
100578,1324,West,Sports,15.0,75908.0,3,17.52,15,ok,X1
100480,1008,East,Clothing,42.0,39673.0,3,36.7,5,manual,X1
100134,1477,South,Electronics,37.0,56621.0,6,26.95,0,ok,A0
100629,1167,South,Electronics,49.0,32734.0,7,28.88,5,ok,??
100052,1389,West,Clothing,43.0,51518.0,6,45.68,15,ok,??
100104,1359,East,Home,13.0,,6,50.62,0,ok,X1
100003,1363,West,Clothing,30.0,63570.0,2,28.84,20,ok,X1
100159,1009,North,Grocery,41.0,58428.0,5,53.78,5,ok,X1
100326,1071,West,Electronics,39.0,61810.0,3,45.6,10,ok,??
100681,1215,South,Electronics,33.0,55293.0,6,55.74,0,ok,X1
100758,1037,North,Electronics,49.0,77348.0,4,22.1,15,manual,X1
100881,1426,West,Home,33.0,87854.0,4,68.75,5,,Z9
100433,1161,West,,52.0,122907.0,6,60.78,10,ok,??
100129,1026,East,Home,22.0,110299.0,1,34.18,10,ok,??
100515,1569,North,Home,16.0,56469.0,2,$62.61,0,ok,A0
100213,1046,West,Clothing,34.0,80791.0,6,53.23,10,ok,Z9
100781,1318,West,Electronics,46.0,82615.0,6,66.15,0,manual,Z9
100890,1019,North,Clothing,43.0,85029.0,4,34.6,0,ok,??
100196,1576,East,Grocery,44.0,78936.0,3,44.28,10,ok,X1
100786,1012,West,Electronics,230.0,95259.0,3,29.34,0,ok,??
100814,1252,South,Home,52.0,46725.0,7,47.1,15,ok,X1
100641,1224,West,Grocery,29.0,85339.0,3,34.28,10,ok,??
100807,1022,West,Home,33.0,57386.0,1,18.36,5,ok,A0
100664,1211,West,,60.0,72790.0,1,73.53,0,review,A0
100509,1574,West,Clothing,48.0,97827.0,4,31.85,15,ok,Z9
100128,1443,East,Sports,40.0,98769.0,1,35.36,10,ok,A0
100871,1178,West,Electronics,44.0,98602.0,5,50.52,0,manual,??
100323,1414,West,Home,28.0,44024.0,4,65.3,10,manual,A0
100417,1155,East,home ,63.0,49289.0,2,,0,,??
100108,1201,North,Home,26.0,64065.0,3,73.65,5,ok,Z9
100033,1133,East,Clothing,10.0,98365.0,5,48.58,20,ok,??
100132,1052,West,Sports,37.0,49772.0,3,40.22,0,ok,A0
100286,1237,South,Clothing,48.0,100992.0,4,21.24,5,manual,Z9
100682,1247,West,Electronics,26.0,48783.0,1,53.56,5,ok,Z9
100796,1293,South,Electronics,17.0,104885.0,1,29.46,0,review,??
100860,1337,North,Home,33.0,53867.0,4,56.32,10,ok,X1
100066,1187,North,Grocery,25.0,26539.0,1,54.7,5,ok,??
100648,1347,East,Sports,16.0,85380.0,5,57.54,5,ok,X1
100149,1455,South,ELECTRONICS,21.0,107352.0,5,60.02,10,manual,A0
100131,1104,North,Electronics,27.0,88016.0,7,40.76,0,ok,??
100299,1166,South,Clothing,27.0,45304.0,5,40.85,15,review,Z9
100794,1238,South,Sports,36.0,35147.0,5,27.25,15,manual,Z9
100510,1131,North,Home,21.0,71300.0,1,40.87,5,,??
100143,1107,North,Clothing,56.0,98203.0,1,41.89,15,ok,X1
100416,1568,North,Grocery,42.0,52763.0,2,30.9,0,ok,Z9
100642,1003,South,Grocery,28.0,44066.0,2,30.12,0,,??
100425,1158,West,Electronics,49.0,72915.0,7,32.5,5,ok,Z9
100097,1379,East,Grocery,35.0,68207.0,7,41.85,10,ok,X1
100121,1203,East,Grocery,49.0,43578.0,6,63.78,15,ok,A0
100561,1279,East,Electronics,39.0,49056.0,7,20.85,0,manual,A0
100571,1518,South,Sports,23.0,29605.0,3,28.5,0,manual,A0
100184,1375,South,Grocery,45.0,31951.0,2,53.15,0,ok,A0
100869,1363,East,Grocery,54.0,75216.0,3,49.83,5,ok,X1
100201,1599,West,Electronics,,43505.0,1,38.91,5,ok,Z9
100166,1330,North,Sports,38.0,55463.0,2,49.07,0,ok,Z9
100885,1374,West,Sports,37.0,46176.0,4,20.04,0,review,A0
100893,1279,South,Grocery,14.0,78795.0,2,48.0,0,review,??
100153,1482,East,Grocery,28.0,114598.0,7,70.35,0,ok,X1
100163,1420,East,Electronics,30.0,55813.0,3,44.49,5,review,X1
100434,1381,West,Grocery,24.0,51726.0,3,59.14,0,ok,A0
100045,1264,South,Grocery,38.0,82862.0,3,$70.79,0,,Z9
100853,1456,North,Home,54.0,103831.0,7,52.6,0,manual,A0
100718,1493,East,Grocery,37.0,64061.0,5,61.69,15,,??
100120,1186,East,Home,40.0,59229.0,6,70.83,0,ok,??
100769,1252,East,home ,46.0,66881.0,1,46.17,0,review,??
100089,1348,West,Home,230.0,39893.0,2,50.19,10,ok,X1
100458,1254,North,Clothing,39.0,87426.0,6,43.52,10,ok,Z9
100517,1389,North,Clothing,35.0,78198.0,3,40.94,0,ok,Z9
100107,1046,North,Clothing,32.0,73330.0,2,41.86,15,manual,Z9
100485,1279,South,Sports,26.0,56564.0,1,41.0,0,ok,Z9
100646,1033,West,Clothing,230.0,58173.0,2,32.62,0,ok,Z9
100312,1443,North,Sports,35.0,97755.0,1,36.35,0,ok,??
100266,1536,South,Clothing,47.0,60897.0,3,55.79,5,ok,X1
100608,1471,North,Electronics,25.0,87740.0,7,12.54,5,review,X1
100765,1038,West,Electronics,10.0,76721.0,7,27.58,10,manual,X1
100249,1518,North,Clothing,14.0,51528.0,5,66.13,5,,Z9
100587,1471,South,Electronics,38.0,91192.0,5,36.84,0,ok,Z9
100663,1149,West,Sports,50.0,103052.0,7,31.47,0,ok,A0
100140,1176,South,Sports,38.0,71825.0,1,53.82,0,ok,Z9
100399,1472,North,Home,29.0,59042.0,3,28.73,0,review,X1
100567,1310,East,Home,53.0,,3,39.37,20,ok,Z9
100537,1192,East,Grocery,42.0,54308.0,3,$32.47,0,manual,X1
100347,1287,East,Electronics,30.0,81055.0,1,65.05,0,ok,X1
100557,1525,North,Grocery,40.0,64786.0,4,28.2,10,manual,??
100150,1299,East,Clothing,42.0,59338.0,6,35.05,5,ok,X1
100489,1311,East,Sports,34.0,"60,038",6,5.3,10,review,X1
100099,1007,North,Electronics,23.0,40707.0,4,63.24,10,ok,??
100544,1438,South,Electronics,42.0,71417.0,3,36.48,0,ok,A0
100124,1406,South,Electronics,32.0,49261.0,7,26.11,0,ok,A0
100451,1524,West,Clothing,47.0,73100.0,5,38.33,0,manual,A0
100141,1167,East,Home,45.0,74949.0,7,40.18,0,ok,X1
100021,1118,South,Home,,26372.0,5,23.35,5,manual,??
100775,1188,West,Grocery,30.0,83727.0,4,62.06,0,ok,A0
100348,1470,East,Clothing,32.0,52454.0,1,20.05,0,manual,X1
100352,1539,West,Electronics,38.0,81743.0,5,42.92,15,ok,X1
100049,1156,North,Clothing,66.0,97421.0,7,15.07,10,review,Z9
100448,1400,North,Home,31.0,77212.0,4,49.71,0,manual,Z9
100644,1109,North,Grocery,43.0,50623.0,4,42.23,10,manual,Z9
100875,1307,West,Electronics,38.0,92424.0,4,43.77,0,ok,X1
100495,1158,North,Grocery,66.0,62263.0,4,64.21,15,ok,X1
100050,1479,East,Clothing,36.0,59978.0,2,73.64,15,ok,Z9
100424,1387,South,Home,36.0,63852.0,6,$80.61,10,ok,X1
100838,1442,West,Home,16.0,90342.0,2,40.49,15,ok,??
100576,1346,West,Electronics,34.0,22382.0,5,49.18,0,review,??
100526,1239,South,Grocery,54.0,87546.0,6,42.05,0,ok,X1
100354,1055,West,Sports,-5.0,77364.0,2,60.46,0,ok,A0
100693,1448,West,Grocery,42.0,60479.0,5,17.53,15,ok,X1
100026,1506,South,ELECTRONICS,52.0,67036.0,4,45.24,0,manual,Z9
100667,1144,West,Home,55.0,83773.0,1,40.56,0,ok,??
100253,1411,West,Home,34.0,62612.0,4,37.16,5,ok,A0
100713,1171,East,Grocery,24.0,61438.0,5,12.85,0,,Z9
100736,1557,North,Clothing,57.0,46485.0,7,46.14,5,ok,X1
100365,1017,South,Grocery,36.0,73099.0,3,44.45,10,manual,??
100891,1063,North,Grocery,48.0,83253.0,4,49.13,5,review,Z9
100643,1292,East,Grocery,38.0,34766.0,6,28.2,20,ok,??
100272,1158,West,Electronics,39.0,58095.0,1,69.97,0,ok,??
100466,1301,East,Grocery,28.0,83948.0,7,48.23,0,ok,X1
100240,1482,East,Grocery,30.0,32882.0,5,44.92,0,ok,X1
100310,1294,North,Clothing,18.0,4226.0,2,40.71,15,ok,A0
100053,1456,East,Electronics,45.0,84377.0,2,73.62,5,manual,Z9
100596,1597,West,Home,230.0,35779.0,3,57.73,10,manual,A0
100390,1424,North,Clothing,40.0,31098.0,5,59.22,5,ok,Z9
100866,1031,East,Clothing,35.0,72856.0,7,,0,review,Z9
100285,1398,East,Grocery,37.0,32144.0,4,50.4,10,ok,Z9
100232,1479,East,Electronics,42.0,110399.0,2,66.49,0,ok,Z9
100155,1072,North,Grocery,63.0,69263.0,3,35.88,5,ok,X1
100278,1589,East,ELECTRONICS,50.0,58137.0,1,27.82,5,manual,Z9
100763,1402,East,Grocery,9.0,19288.0,6,37.07,5,ok,Z9
100129,1026,East,Home,22.0,110299.0,1,34.18,10,review,A0
100344,1171,South,Clothing,44.0,86526.0,3,64.88,5,manual,A0
100331,1176,North,Clothing,35.0,42329.0,3,41.7,0,ok,Z9
100559,1313,North,Grocery,59.0,61634.0,5,30.17,5,ok,A0
100306,1238,West,Home,42.0,74615.0,3,49.32,15,ok,??
100273,1224,West,Grocery,50.0,50486.0,3,49.19,150,manual,??
100062,1065,North,Sports,37.0,82846.0,2,54.79,5,review,??
100784,1381,West,Clothing,55.0,75007.0,3,66.41,5,ok,X1
100580,1402,East,Sports,34.0,66299.0,3,37.54,0,manual,??
100514,1420,West,Clothing,15.0,90975.0,7,31.31,10,,Z9
100861,1275,South,Grocery,18.0,43056.0,7,53.61,0,ok,X1
100575,1024,South,,38.0,42909.0,1,48.91,10,ok,A0
100731,1072,West,Grocery,37.0,27928.0,6,38.52,0,ok,A0
100651,1420,North,Home,36.0,64789.0,4,54.32,15,ok,A0
100111,1190,North,Electronics,34.0,40691.0,5,20.42,10,ok,A0
100689,1184,West,Clothing,40.0,26714.0,4,37.38,0,review,??
100573,1098,West,Grocery,48.0,56177.0,1,22.5,0,manual,X1
100579,1588,North,Grocery,24.0,89854.0,7,42.94,15,ok,Z9
100808,1016,South,Grocery,31.0,87758.0,2,21.74,0,ok,A0
100654,1292,West,Sports,,65600.0,5,47.85,0,manual,??
100671,1096,North,Clothing,47.0,66352.0,5,24.33,10,,??
100436,1091,West,Home,36.0,91291.0,3,5.83,20,manual,??
100600,1548,North,Grocery,44.0,53639.0,6,41.5,10,ok,A0
100427,1319,West,Grocery,31.0,54702.0,5,61.56,0,ok,A0
100840,1500,North,Home,13.0,104408.0,2,12.1,5,ok,Z9
100836,1149,East,Electronics,45.0,73055.0,6,,0,ok,??
100197,1165,South,Home,,54463.0,6,39.79,0,ok,Z9
100627,1218,East,Clothing,38.0,52630.0,7,19.89,5,ok,A0
100068,1408,South,Clothing,30.0,49578.0,5,54.78,0,manual,??
100368,1205,East,Home,52.0,4244.0,1,51.11,0,ok,??
100593,1377,West,Grocery,21.0,"40,834",5,47.91,20,manual,A0
100730,1500,North,Clothing,34.0,67222.0,1,50.65,10,ok,??
100187,1521,West,Electronics,34.0,95507.0,4,71.58,5,ok,??
100818,1343,West,Grocery,30.0,83326.0,1,44.74,5,manual,Z9
100330,1097,North,Grocery,37.0,94541.0,4,22.87,5,ok,??
100342,1377,South,,23.0,55925.0,6,37.91,0,ok,Z9
100420,1066,East,Home,37.0,95139.0,4,77.18,5,ok,Z9
100313,1583,East,Clothing,30.0,97177.0,1,18.3,5,review,??
100630,1424,North,Electronics,45.0,65165.0,2,65.07,5,review,A0
100392,1072,South,Grocery,23.0,81126.0,2,23.53,20,ok,A0
100194,1430,East,Clothing,41.0,39429.0,6,49.87,10,ok,??
100876,1071,East,Home,49.0,88556.0,6,32.79,0,review,A0
100821,1210,South,Grocery,46.0,91979.0,6,24.94,20,ok,X1
100623,1036,North,Grocery,27.0,16947.0,7,36.29,10,ok,Z9
100224,1419,East,Sports,52.0,79329.0,7,27.04,0,ok,X1
100680,1207,East,,24.0,50680.0,5,67.37,5,review,A0
100051,1283,South,Grocery,46.0,96961.0,7,37.26,15,ok,X1
100858,1548,East,Sports,46.0,,5,30.19,5,ok,A0
100242,1346,East,Electronics,230.0,19195.0,1,33.61,15,ok,??
100075,1101,South,Sports,21.0,55845.0,4,20.45,15,ok,X1
100219,1283,South,Sports,22.0,50965.0,7,14.76,0,ok,Z9
100222,1016,North,Grocery,48.0,94642.0,2,25.35,10,review,A0
100444,1374,West,Grocery,19.0,100514.0,3,47.24,0,ok,Z9
100656,1449,North,Grocery,36.0,111412.0,4,40.84,15,ok,Z9
100749,1542,South,Grocery,51.0,87529.0,5,50.06,10,ok,A0
100359,1234,North,Grocery,52.0,78407.0,2,47.05,0,ok,??
100319,1582,South,Sports,38.0,72334.0,5,64.68,0,manual,X1
100553,1560,East,Home,27.0,82014.0,2,49.67,0,ok,Z9
100369,1232,West,Home,41.0,77729.0,5,11.6,5,ok,X1
100591,1303,North,Grocery,27.0,47899.0,1,48.29,0,manual,A0
100787,1384,South,Grocery,49.0,49015.0,3,37.67,0,ok,??
100004,1279,North,Electronics,43.0,72669.0,2,38.09,0,manual,Z9
100282,1470,North,Sports,31.0,56200.0,4,60.37,5,manual,A0
100006,1206,East,Electronics,46.0,64156.0,7,26.92,0,ok,??
100873,1152,East,Clothing,41.0,85146.0,5,49.88,20,manual,??
100128,1443,East,Sports,40.0,98769.0,1,35.36,10,ok,Z9
100248,1252,North,Grocery,27.0,66551.0,5,57.42,10,ok,A0
100564,1563,North,Clothing,50.0,78615.0,7,44.8,0,ok,X1
100015,1067,South,Sports,33.0,85101.0,2,25.84,0,ok,Z9
100125,1338,North,Grocery,43.0,67470.0,4,68.04,20,review,A0
100292,1337,West,Home,58.0,59776.0,2,83.61,15,manual,Z9
100850,1222,East,Electronics,46.0,30655.0,2,62.32,0,manual,??
100093,1490,North,Grocery,41.0,82155.0,1,39.86,0,ok,A0
100318,1174,West,Sports,35.0,69763.0,4,3.0,10,ok,??
100303,1256,North,Clothing,22.0,62979.0,1,63.9,20,ok,A0
100846,1001,South,Sports,51.0,59296.0,1,60.38,5,ok,A0
100056,1382,North,Clothing,41.0,73006.0,2,55.04,0,manual,??
100383,1140,East,Grocery,35.0,65370.0,4,26.8,5,ok,A0
100488,1558,North,Home,43.0,45748.0,2,51.11,5,ok,X1
100439,1447,North,Grocery,38.0,92301.0,5,44.46,10,ok,??
100124,1406,South,home ,32.0,49261.0,7,26.11,0,review,X1
100883,1086,East,,37.0,49056.0,1,9.91,10,ok,A0
100034,1156,East,Clothing,18.0,92072.0,5,45.36,0,manual,Z9
100492,1148,East,Electronics,48.0,39604.0,1,3.31,0,manual,Z9
100170,1235,North,Electronics,47.0,,3,61.64,5,ok,A0
100652,1331,South,Sports,39.0,75840.0,3,47.3,0,ok,Z9
100803,1386,North,home ,50.0,77070.0,1,60.72,0,ok,??
100186,1137,East,Grocery,44.0,38593.0,2,47.99,10,manual,??
100010,1372,North,Clothing,37.0,66596.0,4,27.25,0,ok,Z9
100085,1552,North,Electronics,39.0,60407.0,7,71.51,0,ok,??
100599,1534,North,Sports,45.0,22324.0,7,59.12,0,ok,X1
100834,1028,South,Sports,42.0,73537.0,3,38.2,20,,A0
100325,1157,South,Clothing,45.0,53211.0,7,60.8,5,manual,A0
100122,1431,North,Grocery,46.0,73625.0,3,67.73,15,ok,Z9
100115,1010,South,Sports,30.0,63710.0,4,34.49,0,manual,Z9
100892,1523,South,Home,29.0,67849.0,6,62.99,20,ok,??
100189,1551,East,Home,48.0,65209.0,2,35.97,5,,??
100116,1245,North,Sports,,75681.0,6,25.6,0,ok,X1
100703,1484,West,Sports,41.0,87915.0,6,65.74,15,review,Z9
100639,1084,West,Electronics,22.0,48426.0,5,73.9,5,manual,X1
100057,1258,South,Electronics,61.0,42794.0,1,32.83,10,review,Z9
100353,1468,South,Home,18.0,49824.0,4,28.24,10,ok,Z9
100804,1339,East,Grocery,40.0,69333.0,6,43.17,0,ok,X1
100395,1475,South,Electronics,38.0,109573.0,1,37.33,0,ok,??
100452,1373,East,Grocery,20.0,71575.0,5,27.53,10,ok,??
100536,1226,North,Home,27.0,51686.0,6,49.39,0,ok,A0
100894,1481,East,Home,31.0,112254.0,4,46.7,5,ok,X1
100259,1272,North,Clothing,54.0,61257.0,4,55.15,0,ok,Z9
100048,1520,North,Home,35.0,36225.0,3,58.94,0,ok,??
100336,1180,North,Home,55.0,66584.0,3,57.66,0,ok,??
100820,1374,South,Electronics,,78588.0,5,50.4,0,ok,Z9
100125,1338,North,Grocery,43.0,67470.0,4,68.04,20,ok,A0
100524,1120,East,Home,38.0,118482.0,5,3.0,0,ok,Z9
100357,1484,West,Grocery,42.0,41386.0,7,43.36,0,ok,??
100366,1383,South,Sports,36.0,99851.0,7,28.76,0,ok,Z9
100046,1567,North,Clothing,57.0,48576.0,3,49.84,0,ok,A0
100256,1415,West,Grocery,15.0,83700.0,1,84.29,0,manual,A0
100106,1280,South,Electronics,52.0,71077.0,2,54.94,10,review,A0
100317,1129,North,Home,14.0,87332.0,3,42.22,0,ok,A0
100533,1333,South,Sports,37.0,49940.0,3,44.13,5,ok,A0
100882,1450,South,Electronics,31.0,52716.0,3,42.19,0,ok,??
100327,1175,South,Grocery,36.0,92507.0,4,37.01,0,manual,Z9
100498,1048,West,Electronics,33.0,82805.0,1,37.9,0,ok,Z9
100669,1475,North,Clothing,32.0,30634.0,3,43.23,0,ok,??
100620,1417,South,Grocery,10.0,49821.0,2,62.22,10,ok,??
100726,1248,West,Grocery,26.0,20757.0,2,53.99,10,manual,X1
100482,1164,West,Grocery,40.0,55956.0,4,57.83,0,ok,A0
100469,1542,East,Sports,45.0,95662.0,2,77.13,5,ok,??
100405,1108,East,Clothing,27.0,87944.0,6,83.69,0,ok,A0
100888,1023,South,Clothing,24.0,52832.0,2,28.69,10,ok,Z9
100047,1000,South,Home,22.0,64855.0,4,59.84,0,ok,??
100157,1472,North,Clothing,21.0,67245.0,1,39.06,0,ok,X1
100615,1118,West,Sports,33.0,46633.0,2,37.09,5,ok,X1
100739,1199,East,Clothing,32.0,36398.0,5,28.21,0,ok,A0
100797,1089,West,Electronics,30.0,72532.0,6,44.1,0,review,X1
100234,1318,South,Electronics,28.0,96703.0,7,47.02,20,ok,X1
100525,1338,East,Electronics,42.0,62788.0,3,32.02,15,ok,Z9
100717,1058,West,Home,39.0,61112.0,4,36.02,0,ok,Z9
100810,1019,North,Grocery,40.0,32142.0,2,75.21,0,ok,Z9
100789,1568,North,Home,32.0,75084.0,5,31.28,20,ok,Z9
100673,1530,North,Sports,52.0,79231.0,6,49.71,0,ok,X1
100382,1234,West,Clothing,17.0,119993.0,5,20.1,5,ok,A0
100218,1109,South,Clothing,50.0,114246.0,6,26.37,0,manual,??
100774,1035,South,Home,32.0,70605.0,3,58.42,0,review,??
100723,1404,East,Sports,35.0,93548.0,1,16.34,0,ok,Z9
100195,1006,North,Clothing,40.0,49225.0,2,36.27,0,manual,Z9
100090,1577,South,Home,41.0,57511.0,7,47.86,0,ok,A0
100162,1539,North,Home,41.0,53766.0,1,76.48,5,ok,??
100246,1412,West,Grocery,35.0,64827.0,7,,0,manual,A0
100530,1492,East,Clothing,57.0,59248.0,7,49.52,5,manual,Z9
100481,1434,West,Grocery,50.0,75460.0,2,51.5,0,manual,??
100054,1538,South,Clothing,33.0,29151.0,1,-99,20,ok,??
100614,1373,East,Grocery,46.0,71781.0,4,48.58,0,ok,Z9
100457,1503,West,Electronics,21.0,84738.0,5,19.61,10,manual,A0
100684,1101,North,Sports,54.0,55105.0,5,42.91,10,ok,??
100658,1531,East,Electronics,34.0,57464.0,2,46.89,0,ok,X1
100016,1420,East,Electronics,16.0,73960.0,7,28.51,0,ok,A0
100697,1391,North,Grocery,34.0,91379.0,4,41.64,0,ok,??
100127,1397,North,Grocery,43.0,74499.0,4,38.49,5,ok,A0
100156,1488,North,Sports,32.0,75432.0,1,49.4,10,ok,X1
100109,1354,East,Electronics,47.0,77592.0,7,30.77,0,ok,??
100484,1140,North,Grocery,42.0,61528.0,3,,5,review,??
100043,1393,East,Home,35.0,60131.0,5,36.78,0,ok,X1
100422,1542,North,Sports,53.0,71273.0,3,61.25,10,ok,Z9
100612,1404,West,Home,50.0,40144.0,5,41.65,5,ok,??
100494,1403,East,Grocery,56.0,65103.0,5,42.73,0,review,X1
100592,1494,West,Clothing,40.0,70153.0,2,34.99,15,ok,X1
100653,1148,East,Clothing,15.0,103460.0,2,36.94,0,ok,??
100463,1176,West,Grocery,41.0,96080.0,5,62.11,5,ok,Z9
100552,1365,South,electrnics,41.0,55482.0,1,63.36,0,ok,Z9
100297,1219,North,Sports,25.0,"37,281",4,48.08,5,ok,??
100486,1054,South,Home,34.0,28097.0,7,38.45,0,ok,Z9
100707,1089,South,Clothing,21.0,36034.0,4,70.64,5,review,??
100305,1563,South,Electronics,34.0,24118.0,1,68.79,10,ok,A0
100127,1397,North,home ,43.0,74499.0,4,38.49,5,ok,??
100766,1130,East,Grocery,22.0,48913.0,2,22.1,0,ok,X1
100778,1086,South,Clothing,17.0,69696.0,7,42.68,0,ok,A0
100636,1344,South,Clothing,26.0,120447.0,1,81.84,0,ok,??
100145,1252,South,Grocery,49.0,39874.0,6,52.43,0,ok,Z9
100849,1237,South,Clothing,22.0,29208.0,4,57.66,0,ok,Z9
100816,1546,West,Electronics,23.0,63067.0,1,40.78,15,ok,X1
100198,1440,South,Home,24.0,30314.0,6,42.17,0,ok,Z9
100742,1017,South,Clothing,34.0,61041.0,5,42.51,0,ok,Z9
100572,1313,North,Grocery,22.0,56602.0,4,87.71,0,ok,X1
100898,1138,East,Home,39.0,36625.0,7,46.78,10,manual,Z9
100289,1011,East,Home,24.0,63785.0,2,$45.77,5,review,A0
100613,1335,West,Clothing,29.0,97274.0,3,77.27,10,ok,??
100315,1484,South,Grocery,17.0,89014.0,4,51.77,0,ok,A0
100848,1432,East,Electronics,33.0,25488.0,3,37.6,5,ok,??
100468,1547,North,Home,39.0,47047.0,5,37.79,0,manual,X1
100098,1077,South,Clothing,30.0,58895.0,3,33.21,0,manual,A0
100226,1185,West,Sports,49.0,80855.0,5,19.1,5,ok,X1
100450,1355,East,Sports,19.0,103050.0,5,36.91,0,manual,X1
100381,1409,South,Electronics,44.0,102123.0,5,41.72,0,ok,A0
100711,1464,East,Sports,56.0,92168.0,4,33.17,5,ok,A0
100461,1024,South,Grocery,46.0,73225.0,5,52.91,5,ok,X1
100828,1061,North,Clothing,40.0,39837.0,3,52.55,10,ok,X1
100277,1341,South,Home,20.0,65023.0,6,60.36,0,ok,X1
100321,1186,South,Electronics,,68892.0,1,24.44,0,manual,A0
100532,1533,West,Home,41.0,76167.0,2,21.29,5,ok,Z9
100661,1465,West,Sports,53.0,59186.0,3,57.32,10,,X1
100483,1124,North,Sports,49.0,51278.0,2,42.89,0,ok,Z9
100442,1228,North,Grocery,38.0,15933.0,2,48.54,5,ok,??
100503,1238,North,Clothing,46.0,,5,41.11,10,ok,A0
100595,1478,East,Sports,52.0,74269.0,7,19.58,0,ok,Z9
100574,1164,South,Clothing,44.0,21198.0,6,,10,ok,X1
100582,1480,North,Grocery,39.0,76705.0,5,66.0,0,ok,A0
100832,1527,North,Grocery,32.0,43586.0,5,66.4,15,ok,Z9
100132,1052,West,Sports,37.0,49772.0,3,40.22,0,ok,Z9
100777,1575,South,Grocery,29.0,54282.0,6,70.16,0,ok,X1
100188,1133,North,Clothing,29.0,35670.0,7,48.49,5,ok,??
100733,1470,West,Home,15.0,74243.0,7,47.32,0,ok,Z9
100490,1570,North,Grocery,32.0,94338.0,3,43.78,0,review,A0
100823,1489,East,Electronics,28.0,68538.0,4,23.03,20,ok,X1
100122,1431,North,Grocery,46.0,73625.0,3,67.73,15,,??
100009,1378,West,Grocery,33.0,62951.0,4,38.3,0,ok,Z9
100650,1111,West,Clothing,42.0,42323.0,2,46.05,10,manual,A0
100164,1212,West,Clothing,40.0,84188.0,6,18.11,0,review,Z9
100101,1387,West,Sports,40.0,39924.0,4,19.3,0,ok,A0
100631,1192,West,Grocery,33.0,97045.0,1,48.71,15,ok,A0
100351,1223,South,Electronics,51.0,23637.0,3,32.54,0,manual,X1
100373,1599,South,Grocery,22.0,"14,617",4,3.0,5,ok,X1
100776,1023,East,Clothing,39.0,57879.0,2,34.26,0,,??
100634,1167,North,Sports,24.0,67410.0,5,67.01,20,ok,X1
100239,1458,South,Clothing,45.0,"87,224",7,,10,ok,A0
100852,1306,East,Home,54.0,91346.0,7,44.87,0,ok,X1
100076,1286,South,Electronics,42.0,35452.0,6,56.25,10,ok,X1
100223,1209,North,Grocery,32.0,92987.0,6,35.25,0,ok,X1
100518,1217,East,Sports,57.0,39163.0,2,68.12,0,ok,A0
100771,1320,East,Clothing,37.0,67330.0,6,76.3,0,ok,Z9
100460,1313,West,Home,41.0,58229.0,7,41.07,5,ok,A0
100311,1122,South,Clothing,39.0,,4,43.22,5,ok,Z9
100018,1550,East,Electronics,-5.0,88445.0,7,23.36,0,ok,Z9
100191,1463,South,Home,43.0,105101.0,5,38.92,0,ok,??
100413,1398,South,Home,31.0,54911.0,3,66.52,0,manual,A0
100590,1255,West,Electronics,20.0,66959.0,5,23.83,0,manual,X1
100752,1571,East,Clothing,30.0,45211.0,7,31.3,0,ok,A0
100280,1363,South,Grocery,36.0,49847.0,5,53.07,0,ok,??
100499,1561,West,Electronics,55.0,51624.0,7,47.48,5,ok,Z9
100328,1198,West,Grocery,48.0,72127.0,5,72.06,10,ok,??
100000,1180,West,Clothing,27.0,98580.0,2,41.16,15,manual,A0
100604,1469,West,Electronics,40.0,98645.0,6,9.72,0,ok,A0
100339,1006,South,Sports,45.0,99478.0,7,50.29,20,ok,X1
100182,1444,East,Grocery,-5.0,30829.0,5,66.98,5,manual,X1
100493,1208,North,Electronics,36.0,73805.0,-2,52.92,0,ok,X1
100120,1186,East,Home,40.0,59229.0,6,70.83,0,ok,X1
100096,1349,South,Electronics,23.0,52752.0,1,58.3,0,ok,X1
100055,1363,South,Clothing,14.0,91845.0,6,44.5,5,manual,??
100350,1051,North,Electronics,40.0,66938.0,3,31.3,0,manual,X1
100039,1204,West,Clothing,60.0,72364.0,4,66.95,15,ok,??
100522,1435,East,Home,45.0,94068.0,6,51.38,5,ok,A0
100817,1359,South,Home,38.0,93322.0,4,17.91,10,ok,??
100790,1376,North,Home,42.0,78340.0,6,64.61,5,ok,X1
100304,1252,East,Electronics,27.0,42874.0,3,21.48,15,review,??
100215,1105,North,Clothing,41.0,89667.0,1,42.43,5,,X1
100298,1314,East,ELECTRONICS,,69031.0,2,35.07,5,ok,??
100371,1424,West,Electronics,24.0,"96,695",7,27.63,5,ok,Z9
100538,1300,South,,41.0,104646.0,3,41.42,0,ok,Z9
100687,1313,South,Clothing,44.0,74478.0,2,37.04,20,ok,Z9
100237,1034,North,Home,51.0,73411.0,2,49.72,10,ok,??
100376,1123,West,Clothing,40.0,57451.0,7,19.47,15,ok,X1
100088,1242,North,Grocery,36.0,75511.0,2,46.89,150,ok,A0
100647,1560,South,Grocery,41.0,60209.0,5,78.21,0,ok,A0
100529,1217,North,Grocery,24.0,86241.0,6,44.31,20,ok,X1
100877,1071,West,Sports,25.0,100893.0,1,52.31,15,ok,Z9
100268,1226,West,Home,63.0,50028.0,7,78.79,15,ok,Z9
100038,1234,West,Clothing,47.0,59399.0,6,45.39,0,ok,A0
100152,1288,West,Sports,50.0,46567.0,1,59.14,5,review,Z9
100079,1165,West,Home,43.0,87102.0,5,18.05,0,ok,X1
100429,1594,South,Home,51.0,58079.0,5,52.15,10,manual,X1
100241,1380,North,Clothing,23.0,99570.0,3,23.17,0,ok,Z9
100837,1210,North,Electronics,47.0,117199.0,7,46.13,5,review,??
100345,1549,South,Electronics,46.0,95039.0,3,31.5,10,,??
100174,1128,North,Home,,101588.0,6,84.92,15,review,X1
100857,1586,South,Home,26.0,35108.0,7,44.55,5,ok,??
100506,1211,East,home ,33.0,70304.0,2,57.87,0,manual,Z9
100813,1018,East,Clothing,30.0,74124.0,6,70.18,5,ok,X1
100024,1303,South,Grocery,36.0,60734.0,-2,18.45,0,manual,Z9
100161,1081,West,Grocery,33.0,62457.0,4,34.39,0,ok,A0
100668,1521,North,Grocery,30.0,85400.0,4,57.42,0,review,A0
100735,1130,South,ELECTRONICS,33.0,100739.0,7,32.23,0,review,A0
100119,1057,South,Grocery,44.0,52851.0,2,24.97,5,ok,X1
100058,1032,East,Home,53.0,42060.0,5,57.24,0,ok,Z9
100262,1457,North,Sports,40.0,77280.0,5,38.14,0,ok,X1
100570,1041,West,Sports,33.0,54066.0,3,19.65,0,manual,Z9
100168,1189,East,Electronics,12.0,87251.0,7,16.78,0,review,A0
100081,1008,East,Grocery,55.0,107845.0,2,36.7,20,manual,Z9
100760,1491,South,Grocery,,100107.0,3,30.38,0,ok,Z9
100725,1055,West,Sports,39.0,49253.0,2,27.2,10,ok,??
100221,1412,North,Electronics,35.0,58921.0,4,62.63,5,ok,Z9
100812,1093,West,Electronics,30.0,71487.0,6,45.78,0,ok,Z9
100688,1236,North,Clothing,42.0,71208.0,2,93.06,0,ok,Z9
100696,1564,West,Home,7.0,54982.0,4,36.05,10,manual,X1
100710,1411,South,Clothing,45.0,12694.0,1,36.56,0,ok,??
100083,1115,West,Clothing,34.0,110506.0,3,9.33,0,ok,A0
100092,1071,North,Grocery,68.0,89385.0,4,5.52,0,ok,??
100301,1015,West,Electronics,37.0,83674.0,4,55.06,15,ok,??
100019,1405,South,Clothing,48.0,70429.0,4,43.31,0,ok,X1
100558,1110,South,Grocery,40.0,79942.0,1,72.49,0,ok,X1
100185,1177,East,Clothing,48.0,83429.0,2,29.23,10,ok,Z9
100227,1225,West,Home,36.0,26341.0,2,59.14,10,ok,??
100209,1448,East,Sports,32.0,57637.0,4,28.36,15,ok,Z9
100333,1246,East,Grocery,25.0,58746.0,3,,10,ok,X1
100607,1006,West,Clothing,38.0,55820.0,2,41.94,0,ok,Z9
100527,1158,East,Electronics,62.0,47381.0,1,31.53,15,ok,X1
100231,1003,West,Home,34.0,"72,491",2,38.39,5,ok,X1
100508,1109,West,Grocery,18.0,79689.0,1,74.49,15,,X1
100428,1379,North,Home,28.0,64851.0,5,39.22,15,ok,??
100314,1194,North,Home,42.0,31955.0,6,46.08,0,ok,X1
100897,1207,South,Grocery,41.0,68353.0,1,48.47,10,ok,A0
100617,1526,East,Grocery,45.0,81254.0,3,66.59,0,ok,X1
100551,1039,East,electrnics,39.0,48265.0,3,48.57,10,manual,??
100238,1161,West,Clothing,22.0,98159.0,6,60.44,0,ok,Z9
100137,1450,North,ELECTRONICS,55.0,59875.0,6,45.94,5,ok,??
100025,1595,South,Grocery,28.0,74088.0,1,49.93,20,manual,X1
100847,1360,East,Home,28.0,49055.0,3,33.98,150,ok,X1
100809,1525,North,Electronics,57.0,47237.0,7,$3.00,15,,X1
100340,1355,North,Grocery,45.0,45242.0,5,24.75,5,ok,A0
100061,1470,North,Grocery,34.0,42209.0,7,30.49,0,ok,Z9
100307,1017,West,Home,53.0,86136.0,6,27.99,0,manual,A0
100158,1373,North,Clothing,22.0,58015.0,7,38.37,10,ok,X1
100523,1491,South,Home,52.0,73761.0,2,54.22,10,ok,??
100471,1174,West,Clothing,45.0,66530.0,6,49.24,0,ok,X1
100017,1574,North,Clothing,9.0,77126.0,2,48.55,20,review,A0
100067,1298,East,Clothing,40.0,98881.0,3,87.29,0,manual,Z9
100698,1442,East,Sports,36.0,80024.0,4,59.24,0,ok,??
100674,1197,East,Home,41.0,53405.0,-2,37.12,0,review,X1
100112,1076,East,Grocery,31.0,71929.0,4,27.66,5,,A0
100759,1550,East,Sports,45.0,107590.0,1,79.31,10,ok,Z9
100618,1595,East,Grocery,32.0,62047.0,6,36.17,10,manual,A0
100516,1202,North,Grocery,52.0,77384.0,7,35.78,0,ok,X1
100843,1492,West,Sports,,67469.0,4,38.15,0,ok,??
100102,1371,North,Electronics,35.0,42281.0,2,19.35,0,ok,X1
100415,1166,North,Home,41.0,61947.0,6,34.41,15,manual,X1
100679,1394,South,Clothing,27.0,71152.0,5,41.01,10,ok,Z9
100487,1162,North,Home,,44271.0,4,62.32,0,ok,X1
100473,1213,South,Clothing,33.0,85660.0,2,38.71,5,ok,Z9
100666,1188,East,Grocery,43.0,83928.0,6,40.25,0,ok,Z9
100773,1319,South,Clothing,69.0,85039.0,3,47.16,0,ok,??
100291,1113,West,Electronics,39.0,88055.0,5,47.65,0,ok,X1
100263,1406,North,Clothing,1.0,85671.0,1,50.66,0,review,??
100251,1566,South,Grocery,12.0,37914.0,7,67.15,0,review,A0
100605,1016,West,Sports,55.0,89830.0,5,50.06,5,ok,A0
100829,1155,East,Grocery,35.0,65434.0,5,71.81,0,ok,Z9
100709,1192,West,Electronics,50.0,58163.0,1,55.59,0,ok,X1
100001,1468,North,Electronics,39.0,111040.0,3,25.39,20,ok,Z9
100549,1411,North,Sports,40.0,43078.0,6,66.78,15,ok,X1
100375,1093,South,Grocery,28.0,114610.0,1,78.86,0,ok,X1
100854,1177,North,Clothing,58.0,102387.0,7,48.12,5,manual,??
100692,1501,West,Grocery,21.0,77986.0,4,76.68,0,review,Z9
100367,1232,West,Sports,41.0,101888.0,1,55.93,0,review,A0
100402,1103,East,Home,53.0,43953.0,5,35.28,0,ok,Z9
100678,1259,North,Grocery,25.0,67812.0,1,57.98,15,ok,X1
100738,1002,North,Home,40.0,"62,723",4,34.45,0,ok,??
100002,1231,West,Home,31.0,58075.0,3,19.03,0,ok,X1
100095,1157,West,Grocery,39.0,75890.0,4,27.73,5,ok,Z9
100535,1009,East,Electronics,16.0,26328.0,2,90.52,15,ok,??
100496,1061,North,Sports,47.0,86137.0,6,35.15,0,,A0
100753,1340,East,Grocery,42.0,57931.0,6,46.94,0,ok,A0
100811,1243,South,Sports,25.0,69910.0,7,73.87,0,ok,Z9
100284,1122,South,Clothing,44.0,73487.0,1,43.68,0,manual,??
100211,1213,East,Grocery,44.0,78044.0,7,35.41,20,ok,??
100410,1093,West,Home,67.0,70831.0,6,63.59,5,,Z9
100645,1163,South,Home,61.0,69693.0,7,41.13,5,ok,??
100173,1360,East,Sports,46.0,64854.0,4,61.68,0,manual,Z9
100287,1467,West,Sports,62.0,59278.0,4,32.52,0,ok,A0
100695,1293,West,Electronics,39.0,43896.0,6,39.13,10,ok,A0
100142,1393,North,Grocery,33.0,73865.0,-2,40.11,0,ok,A0
100412,1529,West,Clothing,32.0,48456.0,1,30.24,0,review,A0
100192,1105,East,Home,46.0,69622.0,1,49.12,0,ok,Z9
100899,1220,South,Clothing,28.0,32023.0,5,73.78,0,,Z9
100401,1168,East,Sports,36.0,46047.0,7,43.45,0,ok,??
100229,1460,North,Sports,39.0,,2,24.67,10,ok,X1
100767,1565,West,Sports,31.0,58429.0,4,43.47,5,ok,??
100217,1340,South,Sports,38.0,90920.0,4,8.76,0,ok,Z9
100597,1570,East,Sports,41.0,27147.0,4,14.45,15,ok,??
100154,1479,West,Electronics,33.0,88032.0,7,43.94,0,manual,??
100430,1546,North,Electronics,44.0,80952.0,5,35.96,5,ok,X1
100403,1139,East,Electronics,38.0,54430.0,1,39.59,0,ok,Z9
100181,1590,North,Sports,42.0,94002.0,4,68.62,5,ok,A0
100335,1016,North,Clothing,58.0,85265.0,4,42.57,10,ok,A0
100754,1114,South,Clothing,38.0,53748.0,6,55.54,5,review,??
100074,1476,East,Clothing,13.0,80168.0,7,39.9,0,manual,??
100414,1116,East,Home,47.0,41188.0,2,31.16,15,ok,X1
100435,1503,East,Electronics,30.0,121126.0,2,54.99,15,manual,??
100133,1228,West,ELECTRONICS,33.0,84834.0,3,48.54,0,ok,A0
100625,1563,East,Electronics,61.0,59527.0,7,47.66,15,ok,Z9
100640,1290,East,Grocery,42.0,63376.0,5,54.79,5,ok,A0
100233,1353,South,Clothing,32.0,57863.0,4,49.44,0,ok,A0
100020,1535,East,Electronics,27.0,64681.0,6,70.37,15,review,X1
100783,1091,East,Home,17.0,103511.0,7,21.9,0,manual,A0
100806,1389,South,Grocery,32.0,97375.0,4,45.57,0,review,??
100609,1152,South,Clothing,20.0,16967.0,7,58.8,0,ok,Z9
100589,1353,East,Clothing,42.0,80098.0,7,39.84,10,manual,A0
100030,1223,North,,48.0,52533.0,7,62.45,0,ok,Z9
100290,1487,South,Clothing,22.0,72153.0,6,47.43,0,review,??
100252,1212,East,Sports,32.0,61200.0,4,39.62,0,ok,??
100069,1331,South,Electronics,39.0,59383.0,7,67.35,10,ok,??
100087,1427,West,Electronics,,45769.0,5,60.81,0,ok,Z9
100114,1137,South,Grocery,33.0,58255.0,2,31.05,5,review,Z9
100548,1054,West,Electronics,41.0,86714.0,1,43.46,5,ok,Z9
100091,1240,North,Grocery,30.0,73641.0,7,40.03,10,ok,X1
100465,1056,East,Sports,19.0,77239.0,7,51.92,0,,X1
100708,1401,East,Electronics,30.0,91131.0,7,45.48,0,ok,X1
100167,1496,East,Grocery,57.0,69057.0,5,54.55,5,ok,X1
100407,1357,West,Electronics,30.0,100539.0,1,38.38,5,ok,Z9
100616,1503,East,Clothing,34.0,23459.0,4,6.12,15,review,X1
100320,1090,East,Electronics,51.0,34443.0,6,31.98,5,ok,Z9
100841,1337,South,Home,48.0,69072.0,6,63.02,0,ok,??
100585,1431,West,Grocery,35.0,56749.0,4,,10,ok,A0
100077,1384,West,Home,45.0,76974.0,1,62.4,15,manual,X1
100704,1187,West,Clothing,36.0,56522.0,2,36.14,0,ok,??
100566,1446,North,Grocery,16.0,59801.0,2,28.04,0,ok,X1
100531,1437,West,Grocery,46.0,87093.0,2,51.38,0,manual,Z9
100598,1256,North,Grocery,43.0,53270.0,5,61.87,0,ok,Z9
100690,1355,North,Clothing,20.0,63211.0,4,36.24,0,ok,X1
100257,1446,East,Home,32.0,60131.0,5,9.96,0,ok,??
100255,1211,East,Electronics,29.0,71606.0,7,44.88,10,ok,??
100727,1158,East,home ,32.0,46106.0,5,35.94,5,ok,??
100855,1047,West,Clothing,33.0,74907.0,7,53.08,5,ok,A0
100705,1541,West,Electronics,47.0,49300.0,6,8.76,15,ok,X1
100497,1544,North,Electronics,30.0,111720.0,4,38.97,10,ok,X1
100130,1347,North,Grocery,55.0,67161.0,7,$29.65,0,ok,X1
100100,1013,West,Grocery,36.0,56026.0,6,40.95,0,ok,A0
100171,1384,East,Clothing,47.0,86561.0,6,25.24,15,ok,X1
100856,1330,West,Home,41.0,61030.0,5,33.34,0,ok,A0
100702,1036,North,Electronics,36.0,76470.0,6,56.51,5,ok,A0
100800,1005,West,Electronics,54.0,"55,001",4,32.45,0,ok,Z9
100453,1156,East,home ,42.0,89168.0,6,33.72,0,ok,X1
100874,1555,East,Clothing,39.0,88855.0,3,81.66,0,ok,Z9
100655,1318,West,Home,38.0,86901.0,5,16.77,5,manual,Z9
100795,1375,West,Electronics,54.0,,1,35.16,0,manual,A0
100200,1174,South,Home,24.0,74888.0,2,37.84,5,ok,Z9
100202,1226,North,Home,31.0,87751.0,7,68.69,10,ok,X1
100712,1133,North,Sports,57.0,86249.0,7,52.37,10,ok,X1
100660,1394,North,Clothing,34.0,26253.0,7,41.44,0,ok,??
100455,1088,North,Home,33.0,61187.0,1,45.94,0,ok,A0
100633,1423,West,Sports,44.0,92722.0,4,63.04,5,ok,A0
100136,1535,North,Electronics,43.0,50565.0,2,53.7,10,ok,X1
100520,1436,East,Electronics,17.0,105665.0,7,21.78,0,review,??
100659,1193,North,Clothing,37.0,80503.0,7,36.37,15,ok,X1
100569,1185,North,Home,53.0,62185.0,1,38.09,0,manual,A0
100378,1296,West,Grocery,29.0,73963.0,5,78.13,0,review,Z9
100706,1105,North,Sports,17.0,36862.0,4,48.47,10,ok,A0
100270,1036,South,Grocery,71.0,86582.0,3,43.01,10,ok,Z9
100606,1144,West,Sports,31.0,73054.0,2,36.8,0,ok,??
100063,1112,North,Clothing,15.0,80441.0,7,7.82,0,ok,??
100393,1185,East,Clothing,55.0,60397.0,1,45.06,0,review,Z9
100070,1290,West,Grocery,50.0,58828.0,4,23.03,15,ok,Z9
100534,1152,East,Electronics,32.0,63956.0,1,35.65,5,ok,X1
100271,1548,North,Grocery,45.0,63796.0,2,59.37,0,review,Z9
100543,1241,East,Grocery,36.0,56854.0,7,82.46,5,ok,X1
100160,1512,West,Sports,31.0,72214.0,7,68.43,0,ok,Z9
100842,1481,South,Electronics,34.0,80691.0,3,34.86,10,ok,Z9
100169,1413,North,Electronics,41.0,53789.0,1,56.31,0,ok,A0
100036,1278,West,Grocery,26.0,49586.0,7,36.85,10,ok,X1
100243,1570,South,Grocery,23.0,71294.0,1,44.19,0,ok,??
100082,1157,East,Grocery,63.0,41123.0,6,75.57,10,manual,Z9
100260,1395,North,Sports,29.0,78598.0,2,87.0,5,ok,X1
100372,1300,North,Sports,16.0,71973.0,5,41.84,0,ok,??
100022,1453,East,Grocery,49.0,139771.0,6,44.73,0,ok,Z9
100337,1007,West,Electronics,14.0,104693.0,2,39.88,0,ok,??
100308,1430,West,Electronics,41.0,40146.0,5,67.09,5,ok,Z9
100887,1552,East,Clothing,32.0,81469.0,3,68.38,15,review,??
100751,1158,North,Grocery,51.0,32676.0,5,48.49,15,ok,??
100507,1325,East,Sports,46.0,98408.0,4,56.45,5,ok,??
100220,1587,East,Home,21.0,76231.0,4,55.78,15,manual,A0
100013,1254,West,Clothing,40.0,67930.0,3,42.83,0,ok,Z9
100880,1475,West,Electronics,55.0,65187.0,7,14.28,0,ok,A0
100672,1237,East,Sports,52.0,79868.0,7,18.31,0,ok,A0
100584,1144,South,Grocery,40.0,75855.0,6,62.65,10,ok,X1
100511,1260,West,Home,28.0,79862.0,6,52.23,0,ok,??
100177,1499,South,Home,44.0,73338.0,5,75.65,5,ok,Z9
100276,1031,West,Sports,14.0,64033.0,6,98.47,5,ok,Z9
100547,1181,North,Electronics,30.0,91200.0,2,49.5,5,,X1
100719,1501,West,Grocery,36.0,78163.0,7,55.38,0,ok,Z9
100476,1519,South,Clothing,54.0,67718.0,3,44.15,0,manual,??
100225,1357,South,Grocery,39.0,104503.0,2,37.12,0,review,Z9
100632,1525,South,Clothing,58.0,96258.0,3,11.19,5,ok,X1
100216,1160,West,Electronics,40.0,73381.0,5,49.63,15,,??
100029,1512,East,ELECTRONICS,41.0,56594.0,1,57.19,0,manual,A0
100700,1239,North,Clothing,230.0,58814.0,2,34.94,0,ok,??
100722,1268,West,Grocery,51.0,68749.0,2,$24.21,0,ok,??
100180,1572,North,Sports,57.0,35514.0,3,40.21,0,ok,A0
100745,1053,South,Grocery,15.0,21077.0,6,39.08,0,manual,A0
100459,1475,West,Electronics,53.0,62290.0,7,67.84,10,ok,X1
100822,1389,South,Electronics,53.0,40879.0,1,$47.15,0,ok,??
100677,1128,North,Clothing,47.0,51791.0,4,33.27,0,manual,Z9
100638,1182,North,Grocery,59.0,12781.0,2,62.89,20,manual,Z9
100895,1330,South,Electronics,47.0,64425.0,3,50.9,0,ok,A0
100474,1242,East,Sports,37.0,65375.0,3,63.96,0,ok,??
100264,1022,East,Electronics,43.0,"63,246",6,32.24,10,ok,Z9
100064,1135,South,Clothing,25.0,,6,34.02,0,ok,A0
100845,1345,West,Sports,30.0,42057.0,4,24.35,5,review,X1
100214,1053,South,Grocery,25.0,77938.0,2,71.39,5,ok,??
100862,1423,North,Electronics,-5.0,74449.0,4,49.21,5,ok,X1
100844,1466,East,Home,46.0,77957.0,6,35.28,15,ok,Z9
100175,1547,North,Electronics,38.0,61743.0,2,74.58,0,review,Z9
100398,1395,East,Clothing,42.0,68018.0,1,38.36,0,,Z9
100172,1394,East,Grocery,42.0,84348.0,1,26.95,0,ok,A0
100332,1375,West,Grocery,52.0,68481.0,3,60.7,10,ok,Z9
100032,1469,North,Sports,30.0,63909.0,7,69.49,10,ok,Z9
100031,1419,East,Clothing,38.0,89255.0,7,40.84,5,manual,X1
100744,1290,East,Grocery,52.0,77788.0,2,39.79,10,ok,??
100235,1352,North,Electronics,52.0,78984.0,4,32.97,5,ok,X1
100374,1564,West,Electronics,36.0,78971.0,6,34.27,20,ok,A0
100397,1337,North,Electronics,33.0,43620.0,7,53.89,0,review,A0
100408,1215,East,Clothing,43.0,77441.0,6,56.12,5,ok,??
100699,1134,North,Clothing,30.0,56692.0,5,18.75,5,ok,X1
100685,1090,North,Home,25.0,86412.0,5,31.04,15,ok,Z9
100418,1158,South,Home,37.0,56911.0,6,19.04,0,ok,Z9
100389,1312,West,Electronics,53.0,43494.0,7,3.0,0,ok,??
100878,1167,East,Sports,31.0,57908.0,3,25.4,0,ok,A0
100815,1238,East,Sports,36.0,41390.0,6,26.99,0,review,X1
100550,1480,West,Clothing,44.0,28691.0,7,38.41,0,ok,Z9
100265,1558,West,electrnics,47.0,143595.0,4,34.09,0,ok,Z9
100870,1038,West,Clothing,42.0,89474.0,1,32.68,5,manual,??
100014,1567,West,Electronics,39.0,66718.0,4,57.22,10,ok,A0
100094,1533,East,Home,20.0,87292.0,1,65.36,0,ok,Z9
100528,1292,North,Grocery,31.0,91219.0,1,33.22,0,,X1
100391,1405,East,Clothing,53.0,54673.0,2,18.97,10,ok,X1
100729,1555,North,Grocery,59.0,37427.0,3,35.66,20,ok,A0
100801,1344,West,Grocery,47.0,39660.0,7,64.89,0,ok,X1
100078,1174,East,Home,45.0,77636.0,3,57.5,0,review,X1
100603,1558,West,Electronics,32.0,85211.0,7,45.83,20,ok,??
100387,1559,North,Clothing,35.0,11282.0,4,31.21,0,ok,X1
100183,1258,East,Electronics,54.0,72452.0,5,44.26,5,manual,Z9
100449,1006,East,Grocery,36.0,45540.0,3,58.3,10,manual,A0
100380,1379,East,,32.0,40930.0,2,63.02,10,ok,A0
100835,1437,East,Sports,41.0,66013.0,6,49.16,0,ok,Z9
100491,1332,East,Grocery,48.0,35448.0,2,57.51,5,review,X1
100779,1394,West,Sports,32.0,103220.0,2,48.51,0,manual,??
100190,1363,North,Grocery,25.0,86835.0,4,-99,10,manual,X1
100123,1529,South,Home,16.0,,2,34.42,0,ok,Z9
100621,1463,East,Clothing,15.0,71709.0,4,51.68,0,ok,X1
100364,1226,East,Grocery,42.0,104061.0,3,52.39,15,,X1
100135,1376,West,Home,63.0,78781.0,2,42.62,5,ok,??
100245,1112,North,Clothing,34.0,91817.0,5,46.96,5,ok,Z9
100274,1012,West,Electronics,20.0,80998.0,2,47.05,0,ok,X1
100147,1153,East,Home,23.0,54515.0,6,71.41,20,ok,Z9
100105,1425,East,Home,61.0,109584.0,6,27.26,15,ok,A0
100294,1068,North,Home,23.0,,2,68.67,5,ok,??
100324,1243,South,Home,60.0,43861.0,7,51.48,0,ok,A0
100770,1025,West,Clothing,36.0,87920.0,2,14.98,0,manual,Z9
100799,1136,West,Grocery,46.0,114510.0,1,86.31,5,ok,??
100539,1444,East,Sports,31.0,55865.0,5,14.16,0,ok,A0
100691,1541,West,Grocery,33.0,121195.0,6,30.69,10,ok,A0
100676,1380,South,Electronics,35.0,69080.0,5,53.5,5,ok,??
100110,1414,West,Home,29.0,79118.0,3,21.39,0,ok,??
100768,1388,West,Electronics,,97354.0,4,65.7,10,ok,A0
100826,1233,West,Clothing,23.0,90183.0,4,51.91,0,ok,X1
100005,1425,South,Grocery,53.0,79666.0,7,62.92,0,,Z9
100144,1249,West,Home,50.0,100343.0,1,58.54,5,ok,X1
100103,1583,North,Electronics,40.0,104827.0,2,64.23,0,manual,Z9
100210,1562,West,Sports,53.0,44685.0,6,36.23,5,review,Z9
100446,1301,East,Sports,56.0,75436.0,7,28.1,0,manual,??
100041,1264,South,Home,42.0,66477.0,3,44.85,10,manual,Z9
100362,1136,South,Clothing,38.0,40850.0,2,45.92,0,review,??
100649,1424,South,Grocery,46.0,42339.0,7,57.81,5,manual,X1
100377,1365,South,Clothing,,49018.0,5,44.82,0,ok,Z9
100254,1276,East,Electronics,54.0,"132,073",3,74.75,150,ok,A0
100146,1303,North,Electronics,51.0,61882.0,2,105.61,0,ok,X1
100637,1401,North,Home,55.0,31101.0,2,57.56,0,ok,X1
100086,1015,West,Electronics,51.0,42993.0,1,58.44,0,ok,X1
100542,1182,West,Sports,32.0,97627.0,4,64.59,0,ok,Z9
100431,1300,East,Clothing,51.0,73082.0,2,51.12,15,ok,Z9
100065,1434,East,Grocery,40.0,87815.0,6,31.08,5,ok,??
100715,1203,East,Grocery,34.0,81985.0,4,47.12,0,ok,Z9
100205,1456,West,Electronics,35.0,77058.0,1,23.16,5,ok,X1
100044,1458,North,Sports,18.0,54274.0,3,52.64,5,review,A0
100027,1125,East,Electronics,36.0,88219.0,1,17.34,0,manual,A0
100080,1102,South,Grocery,47.0,58633.0,1,10.35,0,ok,A0
100437,1543,East,Home,34.0,91673.0,6,49.73,0,review,X1
100113,1551,East,Grocery,47.0,55918.0,3,$32.74,15,ok,X1
100204,1369,West,Clothing,30.0,43819.0,2,16.34,10,ok,X1
100519,1080,East,Sports,23.0,61714.0,1,64.73,0,ok,??
100720,1052,South,Home,39.0,51650.0,2,56.25,0,review,??
100670,1108,North,Grocery,31.0,89395.0,2,25.84,0,ok,??
100624,1076,East,Electronics,36.0,57842.0,5,48.7,0,ok,X1
100411,1207,North,Electronics,39.0,104158.0,3,45.29,0,ok,A0
100743,1488,East,Clothing,44.0,69474.0,1,48.95,0,ok,X1
100740,1060,East,Home,33.0,65204.0,7,41.93,10,ok,X1
100008,1176,North,Clothing,36.0,100035.0,2,38.52,5,manual,Z9
100073,1121,South,Home,31.0,61387.0,1,32.85,10,ok,Z9
100400,1573,North,Grocery,46.0,91419.0,5,$61.43,0,ok,A0
100118,1394,West,Home,38.0,91451.0,7,65.7,0,ok,X1
100701,1258,West,Electronics,40.0,55973.0,2,53.94,10,review,A0
100206,1552,East,Grocery,,19926.0,7,56.37,0,ok,A0
100867,1282,West,Clothing,31.0,43643.0,3,30.22,5,,A0
