timestamp,metric_value,site,notes,extra_column_int,extra_column_flag
2024-04-28,57.196,A,manual,32,True
2025-02-03,82.99,A,ok,73,False
2024-12-28,82.219,A,manual,97,True
2024-12-02,80.067,C,sensor?,12,False
2024-12-25,75.52,B,ok,92,False
2024-12-04,84.989,A,sensor?,85,True
2024-11-30,80.484,C,ok,61,True
2024-02-22,42.872,B,ok,61,True
2024-08-28,-120.0,A,sensor?,60,False
2024-07-21,53.901,C,ok,99,True
2024-05-18,58.052,B,ok,6,True
2025-02-06,84.767,B,sensor?,32,False
2024-03-23,47.039,A,ok,68,False
2024-03-30,54.117,B,ok,3,False
2024-07-23,48.906,A,manual,13,False
2024-02-21,48.306,B,ok,40,False
2024-10-21,57.735,A,ok,67,False
2024-01-31,56.786,B,manual,33,False
2024-09-13,62.059,B,ok,27,False
2025-01-21,75.065,A,manual,58,False
2024-03-21,49.764,C,ok,50,True
2024-08-30,59.597,A,manual,48,True
2024-02-26,47.526,B,sensor?,98,True
2024-10-22,,A,manual,2,False
2024-07-06,61.832,B,ok,64,True
2025-01-23,76.771,A,sensor?,35,True
2024-02-01,51.711,A,sensor?,45,False
2024-11-26,79.53,B,sensor?,10,False
2024-07-31,62.636,C,ok,87,False
2024-04-15,54.498,A,manual,96,True
2024-10-20,51.602,A,ok,30,True
2024-04-30,53.169,A,ok,74,False
2024-06-17,54.101,A,sensor?,39,False
2025-02-08,81.834,A,ok,45,True
2024-12-19,,A,sensor?,46,True
2024-09-03,64.707,A,manual,41,True
2024-11-06,82.937,C,ok,32,True
2025-01-14,72.488,B,manual,21,False
2025-01-29,85.02,B,manual,63,False
2024-01-03,54.412,A,ok,76,False
2024-12-20,73.862,A,ok,94,False
2024-12-06,75.697,C,ok,75,False
2025-01-24,73.789,C,ok,66,True
2024-04-25,48.969,A,ok,93,True
2024-12-21,,A,ok,8,True
2025-01-08,82.349,C,ok,79,True
not_a_date,48.657,B,ok,13,False
2025-02-15,68.078,A,ok,35,True
2024-08-11,60.374,A,ok,94,False
2024-06-14,55.619,C,manual,4,True
2024-06-22,49.227,C,ok,32,False
2024-01-27,48.113,B,ok,16,True
2024-11-20,74.311,A,sensor?,88,True
2024-05-26,68.98,B,manual,77,False
2024-04-16,51.437,A,sensor?,38,False
2025-02-21,79.697,B,sensor?,7,False
2025-01-16,75.754,A,ok,98,False
2024-04-11,62.528,C,ok,17,True
2024-03-06,60.282,B,manual,47,True
2024-06-19,51.281,A,ok,73,True
2025-01-04,85.431,B,sensor?,95,False
2024-12-13,75.6,C,ok,44,False
2024-06-04,67.015,A,manual,2,False
2024-01-15,53.085,A,sensor?,25,False
2024-05-19,59.461,C,ok,51,True
2024-05-25,68.687,C,ok,85,True
2024-01-04,56.021,B,sensor?,10,False
2024-04-21,50.186,A,manual,68,False
2025-01-10,83.719,A,ok,47,True
2024-10-05,72.215,A,ok,89,False
2024-08-09,65.614,A,ok,47,True
2024-05-09,59.547,A,ok,56,False
2024-08-20,55.896,B,manual,82,False
2024-06-30,60.436,B,ok,30,False
2024-11-15,67.822,A,ok,92,True
2024-01-29,49.928,C,manual,0,True
2024-02-11,57.774,A,ok,11,True
2025-01-28,83.434,A,sensor?,80,False
2024-01-23,48.139,A,ok,81,False
2024-12-23,,A,ok,91,False
2024-02-02,52.687,A,manual,79,False
2024-04-24,49.916,C,ok,82,True
2024-09-18,56.086,A,sensor?,45,False
2024-02-27,52.931,A,ok,63,False
2024-03-03,55.807,C,ok,79,True
2024-09-30,71.791,C,ok,77,True
2024-05-12,61.415,C,ok,9,True
2024-03-25,45.314,B,ok,65,True
2024-06-13,61.172,B,ok,81,False
2025-02-14,70.669,C,ok,65,False
2024-12-17,73.164,A,ok,6,False
2025-02-16,72.003,A,sensor?,55,False
2025-01-31,86.509,B,sensor?,92,True
2024-07-26,53.307,A,ok,17,False
2024-05-21,48.55,A,sensor?,22,False
2024-09-20,55.198,A,sensor?,63,True
2024-07-13,57.74,A,ok,17,False
2024-08-01,62.483,B,ok,95,True
2024-04-19,46.426,B,manual,32,True
2024-04-06,56.982,A,manual,97,True
2024-10-07,69.762,C,ok,46,True
2024-04-08,61.644,A,ok,31,True
2024-11-10,78.306,A,ok,5,True
2024-09-06,64.663,B,ok,10,True
2024-07-19,55.194,C,ok,39,True
2024-01-14,55.879,B,manual,30,True
2025-02-12,70.966,B,ok,46,False
2025-02-10,77.838,C,sensor?,56,True
2024-05-28,,A,ok,3,False
2024-03-31,55.959,A,ok,51,False
2025-01-13,78.527,B,manual,32,True
2024-02-29,53.989,A,ok,93,True
2024-06-12,58.167,C,ok,45,True
2024-06-11,66.581,B,ok,53,True
2024-03-15,55.136,A,ok,17,False
2024-03-20,48.539,A,ok,24,True
2024-09-26,61.593,A,ok,0,True
2024-06-26,55.322,B,manual,53,True
2024-10-30,77.168,C,sensor?,52,False
2024-03-22,46.505,C,ok,29,True
2024-11-18,72.331,A,ok,20,False
2024-02-20,47.913,B,ok,42,False
2024-09-25,60.485,B,manual,0,True
2025-01-06,85.49,A,ok,80,False
2024-09-16,54.467,B,ok,16,True
2024-12-27,79.437,B,ok,80,False
2024-05-27,71.138,A,ok,9,True
2024-09-01,71.429,A,ok,26,True
2024-02-23,45.764,B,ok,87,False
2024-08-08,65.138,A,manual,22,False
2024-07-24,,B,ok,98,True
2025-02-18,73.343,C,ok,32,True
2024-03-07,57.985,B,sensor?,88,False
2024-12-16,72.431,B,ok,40,False
2025-01-19,68.62,B,ok,86,False
2024-08-31,61.458,A,manual,61,True
2024-04-09,58.168,A,ok,29,False
2024-01-16,48.568,A,manual,46,False
2024-10-27,78.638,A,sensor?,20,False
2024-10-16,59.077,A,ok,47,True
2024-03-27,48.473,A,ok,99,False
2024-02-07,55.633,A,ok,69,True
2024-12-18,69.407,A,ok,32,True
2025-02-22,77.339,C,ok,37,False
2024-03-14,57.168,A,manual,57,False
2024-08-04,67.362,A,ok,87,False
2024-04-14,53.878,C,ok,5,True
2024-06-08,60.333,C,manual,26,True
2024-09-05,,C,ok,75,True
2024-01-17,50.438,A,manual,58,True
2024-07-12,65.306,A,manual,33,True
2024-03-29,52.962,C,ok,99,False
2024-09-10,62.05,A,manual,15,False
2024-05-20,52.522,A,ok,5,True
2024-04-12,57.505,B,ok,42,False
2024-08-26,56.264,A,ok,4,False
2024-09-22,59.985,A,sensor?,84,True
2024-06-06,65.918,B,ok,6,True
2024-03-11,55.348,A,ok,11,False
2024-05-13,58.233,A,ok,32,True
2024-08-15,,C,ok,0,False
2024-04-11,62.528,C,ok,30,True
2024-11-16,72.034,A,manual,61,False
2024-06-23,49.404,C,manual,75,True
2024-12-01,78.145,A,manual,40,False
2024-08-27,58.837,A,ok,93,True
2024-01-19,49.529,A,ok,40,False
2024-11-23,71.914,A,manual,69,True
2024-01-21,45.296,B,ok,21,True
2024-02-25,45.832,B,ok,28,True
2024-08-23,54.386,B,ok,46,False
2024-12-26,76.802,B,ok,17,True
2024-12-07,81.497,A,ok,10,False
2024-02-04,57.622,A,sensor?,83,True
2024-05-30,74.763,A,ok,65,True
2024-10-15,59.49,A,ok,21,True
2024-07-07,61.52,A,ok,75,False
2024-09-11,62.758,A,sensor?,38,True
2024-04-07,58.104,B,ok,32,True
2024-12-03,82.833,B,ok,19,False
2024-06-03,79.675,B,sensor?,16,False
2024-05-02,58.814,A,ok,80,True
2024-04-23,45.812,A,manual,90,False
2024-11-04,82.125,A,sensor?,86,True
2024-10-08,63.51,B,ok,83,False
2024-08-16,55.223,C,ok,56,True
2024-04-18,53.729,A,ok,35,False
2024-07-25,53.266,C,ok,65,True
2024-04-04,54.727,B,sensor?,72,True
2024-11-02,79.476,A,ok,13,False
2024-05-05,62.055,B,manual,22,True
2024-09-23,58.627,B,sensor?,6,True
2025-02-13,71.823,A,sensor?,29,True
2024-04-01,55.345,B,manual,10,False
2025-02-09,78.667,A,sensor?,96,False
2024-12-24,72.49,A,ok,80,True
2024-08-10,64.565,C,ok,65,False
2025-02-19,75.107,A,ok,97,False
2024-04-13,59.201,C,sensor?,50,True
2024-04-10,59.024,C,ok,9,True
2024-01-25,44.368,A,ok,86,False
2024-10-01,71.471,C,ok,64,False
2024-10-23,60.41,B,sensor?,21,False
2024-11-03,83.871,A,ok,65,True
2024-05-06,65.379,B,sensor?,89,True
2024-12-12,73.79,A,ok,99,True
2024-03-19,51.76,B,manual,55,True
2024-09-21,58.074,C,ok,67,True
2024-06-27,55.759,A,ok,75,True
2024-02-28,48.163,B,ok,6,True
2024-09-02,63.672,B,manual,28,False
2024-11-12,74.002,A,manual,35,False
2025-01-25,72.84,A,ok,40,False
2024-10-28,71.78,A,ok,10,False
2024-03-02,53.322,B,sensor?,58,True
2024-10-24,59.72,A,ok,89,False
2024-04-03,57.767,A,sensor?,68,False
2025-01-20,,C,ok,3,False
2024-09-15,58.454,B,manual,52,True
2024-03-10,58.522,A,ok,45,False
2024-02-06,57.14,A,sensor?,13,False
2024-02-10,58.964,A,ok,11,True
2024-06-09,60.421,B,sensor?,82,True
2024-10-29,79.015,A,ok,42,False
2024-01-12,56.928,A,ok,63,True
2024-05-24,49.135,A,manual,43,True
2024-10-19,61.65,A,ok,19,False
2024-10-25,57.392,A,ok,9,True
2024-06-20,53.571,B,ok,58,True
2024-05-07,59.057,B,sensor?,26,False
2024-08-25,57.379,C,ok,53,True
2024-11-01,77.122,B,ok,7,False
2024-07-03,64.314,A,sensor?,21,True
2024-02-16,53.127,A,ok,19,False
2024-01-10,54.003,A,ok,60,False
2025-01-05,82.886,C,ok,38,True
2025-01-15,73.212,A,sensor?,19,True
2024-06-25,57.89,B,ok,50,False
2024-08-24,51.438,A,manual,2,False
2024-08-19,53.843,A,ok,38,True
2024-07-29,62.314,A,ok,39,True
2024-05-08,60.478,A,ok,14,True
2024-05-23,51.528,A,ok,8,True
2024-08-29,62.515,A,ok,37,False
2024-01-08,55.511,C,sensor?,69,False
2025-01-03,84.039,A,sensor?,97,False
2024-09-24,60.097,B,sensor?,36,False
2024-11-17,69.139,B,ok,41,True
2024-06-28,58.011,A,manual,71,True
2024-06-21,51.105,B,ok,25,False
2024-08-05,,C,ok,45,True
2024-11-09,78.478,A,ok,24,True
2024-10-14,61.39,A,ok,34,True
2024-10-11,62.027,C,ok,93,True
2024-01-09,56.307,B,manual,24,False
2024-06-05,63.478,A,ok,14,False
2024-01-28,48.676,B,manual,36,False
2024-03-05,59.292,B,ok,27,False
2024-09-12,64.115,C,ok,75,False
2024-09-28,64.974,C,manual,59,False
2024-06-02,77.614,A,ok,34,False
2024-02-18,50.462,A,ok,15,True
2024-07-27,55.293,B,ok,44,True
2024-01-02,48.695,C,ok,23,False
2024-10-04,66.408,B,ok,83,False
2024-10-10,,A,ok,84,True
2024-04-05,56.113,A,ok,11,True
2025-02-17,75.62,C,manual,36,True
2024-09-27,61.084,A,ok,21,False
2024-04-26,51.66,A,ok,41,False
2024-02-15,52.695,A,sensor?,28,False
2024-06-10,,A,ok,55,True
2024-11-22,67.172,A,ok,92,True
2024-04-27,52.113,A,ok,39,False
2024-03-18,51.631,A,ok,50,False
2024-11-29,76.887,B,ok,45,False
2024-03-04,57.999,C,ok,24,True
2024-08-18,52.124,A,ok,55,False
2024-07-05,65.043,A,ok,20,True
2024-12-30,81.521,B,ok,49,False
2024-07-18,54.631,B,ok,6,False
2024-04-12,57.505,B,ok,16,True
2024-05-01,57.471,A,ok,71,True
2025-01-30,84.396,B,manual,37,True
2025-01-02,81.429,B,sensor?,28,False
2024-06-07,62.261,B,ok,86,True
2024-03-26,50.079,A,ok,0,True
2024-08-13,61.31,A,ok,25,True
2024-09-19,57.119,A,sensor?,56,False
2024-12-08,80.031,C,manual,81,True
2024-03-17,51.312,A,ok,42,False
2024-11-27,78.641,A,sensor?,5,True
2024-11-14,74.126,C,ok,26,True
2024-03-28,50.657,C,ok,2,False
2024-04-17,51.819,A,manual,86,True
2024-07-01,,A,ok,36,False
2024-04-15,54.498,A,manual,36,False
2024-02-19,48.049,B,ok,2,False
2024-01-06,52.179,A,sensor?,62,False
2024-01-18,45.974,C,sensor?,36,False
2024-08-22,53.64,B,ok,71,False
2025-01-17,68.261,B,manual,10,False
2024-04-16,51.437,A,sensor?,67,True
2024-05-14,,B,ok,15,True
2024-12-10,81.708,B,ok,52,True
2024-08-14,65.834,B,ok,73,False
2024-08-02,63.854,A,manual,97,True
2024-07-09,68.575,C,ok,11,True
2025-01-11,76.187,C,ok,12,False
2024-10-09,69.306,A,manual,47,True
2024-01-30,51.214,A,ok,3,False
2024-06-18,53.506,B,ok,54,False
,61.857,A,sensor?,46,False
2024-04-10,59.024,C,ok,46,False
2024-07-16,55.976,B,ok,4,False
2024-07-28,57.893,B,ok,91,False
2024-05-15,53.905,C,ok,30,False
2025-02-04,83.84,B,ok,39,False
2024-12-31,86.322,A,sensor?,53,True
2024-07-17,55.912,B,ok,82,True
2024-06-15,59.005,B,sensor?,9,False
2024-11-24,70.286,A,ok,9,False
2024-05-16,,B,ok,53,True
2024-10-12,62.425,A,ok,47,False
2024-05-11,57.27,A,ok,91,False
2024-02-09,59.194,B,sensor?,60,True
2024-08-03,67.966,C,manual,95,False
2024-02-13,55.073,B,ok,45,True
2024-02-24,45.695,A,ok,93,False
2025-02-07,80.692,B,manual,27,False
2024-10-26,63.845,A,sensor?,41,False
2025-01-22,76.256,B,ok,57,False
2024-10-31,78.816,A,sensor?,17,False
2024-02-05,59.689,A,ok,23,True
2024-11-11,74.294,B,sensor?,52,False
2024-11-05,84.787,B,manual,18,True
2024-10-03,66.973,A,sensor?,17,False
2024-05-04,62.466,B,manual,49,False
2024-05-22,45.481,B,sensor?,0,False
2024-04-20,51.141,A,sensor?,78,True
2024-11-19,71.328,A,manual,80,True
2024-11-28,76.54,B,ok,11,True
2025-01-07,83.425,A,manual,39,False
2024-04-17,51.819,A,manual,76,False
2024-01-13,54.265,C,sensor?,28,False
2024-09-29,65.18,B,ok,89,True
2024-02-17,50.362,A,manual,94,False
2024-07-22,55.332,A,ok,85,True
2024-12-29,78.207,C,ok,32,False
2024-04-29,53.834,B,ok,23,False
2024-01-22,43.594,B,ok,65,True
2024-03-24,47.04,A,ok,79,False
2024-05-10,60.427,B,ok,87,False
2024-11-25,73.161,A,ok,75,True
2024-08-17,55.753,A,manual,74,False
2025-02-23,82.136,A,ok,53,True
2024-10-13,63.063,A,sensor?,5,True
2024-05-03,62.796,C,ok,16,False
2024-02-03,53.067,A,manual,13,True
2025-02-05,84.092,A,sensor?,77,False
2024-01-05,49.772,A,sensor?,48,False
2024-01-20,46.323,B,ok,28,False
2024-08-07,64.42,B,ok,61,False
2024-04-14,53.878,C,ok,72,False
2024-12-22,73.12,A,sensor?,57,True
2024-05-29,74.257,A,sensor?,33,True
2024-08-12,62.166,A,manual,28,False
2024-09-04,72.349,A,sensor?,25,True
2025-01-12,70.546,C,sensor?,65,True
2024-05-31,73.866,C,sensor?,74,False
2024-11-13,70.947,A,manual,34,False
2024-10-18,58.565,A,sensor?,46,True
2024-08-21,58.169,C,sensor?,37,True
01/15/2024,57.872,B,ok,64,False
2024-10-06,69.681,B,manual,9,True
2024-03-12,55.015,A,sensor?,71,False
2024-09-09,69.877,C,manual,56,True
2024-04-02,55.774,B,ok,9,True
2024-12-15,,B,manual,20,True
2025-01-09,80.485,B,manual,58,True
2024-07-11,61.733,C,ok,8,False
2024-09-14,58.886,B,ok,13,False
2024-12-05,83.41,B,sensor?,96,False
2025-02-20,78.121,A,ok,34,True
2024-07-14,57.071,A,sensor?,16,False
2024-12-09,79.847,A,ok,69,False
2024-05-17,56.194,C,manual,28,True
2024-09-17,56.619,A,ok,31,False
2024-02-08,55.72,B,ok,77,False
2024-07-20,57.407,B,ok,69,False
2025-02-01,85.49,B,ok,80,True
2024-10-17,58.016,B,sensor?,58,False
2024-07-08,68.855,B,ok,96,False
2024-09-08,67.294,A,ok,34,True
2024-04-22,47.894,A,ok,83,False
2024-07-02,65.028,C,ok,41,False
2024-06-01,73.509,A,ok,82,False
2024-11-08,82.779,A,ok,36,True
2024-11-21,72.144,C,sensor?,3,False
2024-07-10,63.127,C,manual,75,False
2024-02-14,53.639,A,ok,99,True
2024-10-02,69.287,B,sensor?,77,False
2024-01-07,56.312,B,ok,45,True
2024-09-07,66.209,B,manual,82,True
2024-11-07,80.401,A,ok,34,True
2024-03-16,999.0,A,ok,15,False
2024-01-01,50.762,B,ok,76,True
2025-01-26,,B,ok,43,True
2025-01-18,69.185,A,sensor?,79,False
2024-03-09,61.358,C,ok,66,False
2024-06-16,56.493,C,ok,42,True
2025-01-27,79.972,B,ok,43,False
2024-08-06,65.987,A,ok,19,False
2024-02-12,53.868,A,ok,39,True
2025-01-01,81.318,A,ok,49,True
2024-12-11,71.31,C,sensor?,14,False
2024-03-13,,C,ok,83,True
2024-01-24,44.744,C,sensor?,29,False
2025-02-02,86.29,C,manual,93,False
2024-07-04,67.866,C,ok,62,True
2024-12-14,69.13,A,sensor?,4,False
2024-04-13,59.201,C,sensor?,20,True
2025-02-11,79.061,A,ok,38,False
2024-07-30,58.003,A,manual,18,True
2024-03-08,58.009,A,ok,22,True
2024/02/01,45.117,B,ok,57,False
2024-07-15,59.716,A,ok,17,False
2024-06-24,53.589,A,sensor?,20,False
